Date,High,Low,Open,Close,Volume,Adj Close
2019-03-20,53.5,49.5,52.75,49.79999923706055,2350800.0,45.36800765991211
2019-03-21,50.0,48.20000076293945,49.9900016784668,48.97999954223633,1764700.0,44.6209831237793
2019-03-22,49.95000076293945,48.15999984741211,48.79999923706055,48.599998474121094,844700.0,44.274803161621094
2019-03-25,49.400001525878906,48.0,48.599998474121094,49.150001525878906,440900.0,44.77586364746094
2019-03-26,49.75,48.18000030517578,49.0,48.849998474121094,504700.0,44.50255584716797
2019-03-27,50.779998779296875,49.0,49.0,50.099998474121094,1788600.0,45.64130783081055
2019-03-28,51.0,49.915000915527344,50.900001525878906,50.849998474121094,585400.0,46.32456588745117
2019-03-29,52.47999954223633,49.18000030517578,49.52000045776367,51.630001068115234,1769000.0,47.03514862060547
2019-04-01,54.38999938964844,51.25,52.29999923706055,53.5,19663400.0,48.738731384277344
2019-04-02,57.38999938964844,54.29999923706055,55.119998931884766,56.25,17414200.0,51.243988037109375
2019-04-03,57.20000076293945,55.5099983215332,57.08000183105469,56.880001068115234,15066200.0,51.81792068481445
2019-04-04,60.52000045776367,57.099998474121094,57.20000076293945,59.709999084472656,13309200.0,54.396060943603516
2019-04-05,58.97999954223633,56.27000045776367,58.38999938964844,57.2400016784668,17000800.0,52.145877838134766
2019-04-08,58.38999938964844,56.27000045776367,56.5,57.150001525878906,10764600.0,52.06389236450195
2019-04-09,57.20000076293945,56.08000183105469,56.79999923706055,56.27000045776367,9179900.0,51.26220703125
2019-04-10,56.40999984741211,55.099998474121094,55.9900016784668,55.709999084472656,9081900.0,50.752044677734375
2019-04-11,56.209999084472656,54.83000183105469,55.70000076293945,54.88999938964844,7346100.0,50.00502014160156
2019-04-12,58.33000183105469,55.93000030517578,55.93000030517578,58.29999923706055,9281700.0,53.111549377441406
2019-04-15,58.849998474121094,57.290000915527344,58.56999969482422,57.779998779296875,5727300.0,52.6378288269043
2019-04-16,58.9900016784668,57.84000015258789,58.709999084472656,58.5,6681600.0,53.29375076293945
2019-04-17,59.04999923706055,58.20000076293945,58.95000076293945,58.31999969482422,6420700.0,53.12976837158203
2019-04-18,58.61000061035156,57.54999923706055,58.36000061035156,57.77000045776367,5178800.0,52.62871551513672
2019-04-22,58.40999984741211,57.2599983215332,57.47999954223633,57.88999938964844,4401700.0,52.738033294677734
2019-04-23,57.84000015258789,57.0,57.290000915527344,57.63999938964844,5687200.0,52.510284423828125
2019-04-24,57.88999938964844,55.8650016784668,57.4900016784668,55.97999954223633,5431300.0,50.998016357421875
2019-04-25,55.97999954223633,54.81999969482422,55.7599983215332,55.33000183105469,6260500.0,50.40586853027344
2019-04-26,55.599998474121094,54.95000076293945,55.29999923706055,55.25,4009800.0,50.332984924316406
2019-04-29,55.685001373291016,54.79999923706055,55.04999923706055,55.5,5935200.0,50.56073760986328
2019-04-30,57.20500183105469,55.599998474121094,55.7599983215332,56.72999954223633,6454100.0,51.68126678466797
2019-05-01,57.47999954223633,55.880001068115234,56.81999969482422,56.130001068115234,7644400.0,51.13467025756836
2019-05-02,56.4900016784668,52.029998779296875,55.540000915527344,52.70000076293945,13932700.0,48.009918212890625
2019-05-03,53.349998474121094,51.720001220703125,53.20000076293945,53.29999923706055,7401700.0,48.5565299987793
2019-05-06,54.029998779296875,51.70000076293945,52.150001525878906,53.459999084472656,6089500.0,48.7022819519043
2019-05-07,53.32500076293945,52.650001525878906,52.86000061035156,52.95000076293945,7330800.0,48.2376708984375
2019-05-08,53.39500045776367,52.310001373291016,53.33000183105469,52.47999954223633,5390700.0,47.80950164794922
2019-05-09,53.13999938964844,51.54999923706055,52.2599983215332,52.93000030517578,4579700.0,48.21945571899414
2019-05-10,53.7140007019043,52.4900016784668,52.939998626708984,53.06999969482422,4758100.0,48.34699630737305
2019-05-13,52.54999923706055,50.7599983215332,52.279998779296875,50.95000076293945,4213100.0,46.41566467285156
2019-05-14,53.0,50.84000015258789,51.33000183105469,52.47999954223633,4204500.0,47.80950164794922
2019-05-15,53.32500076293945,51.66999816894531,51.97999954223633,52.95000076293945,2928700.0,48.2376708984375
2019-05-16,53.54999923706055,52.72999954223633,53.290000915527344,52.97999954223633,3689700.0,48.26500701904297
2019-05-17,52.52000045776367,50.65999984741211,52.34000015258789,50.79999923706055,4440800.0,46.279014587402344
2019-05-20,50.540000915527344,49.91999816894531,50.400001525878906,50.08000183105469,5168400.0,45.62309646606445
2019-05-21,51.189998626708984,50.02000045776367,50.279998779296875,50.630001068115234,4968400.0,46.1241455078125
2019-05-22,50.61000061035156,49.96500015258789,50.459999084472656,50.209999084472656,3019100.0,45.741519927978516
2019-05-23,49.86000061035156,48.209999084472656,49.5,48.709999084472656,4919200.0,44.3750114440918
2019-05-24,49.57500076293945,48.439998626708984,49.38999938964844,49.20000076293945,2918400.0,44.821407318115234
2019-05-28,49.43000030517578,48.099998474121094,49.369998931884766,48.560001373291016,6613000.0,44.238365173339844
2019-05-29,49.43000030517578,48.0099983215332,48.20000076293945,48.709999084472656,3525900.0,44.3750114440918
2019-05-30,48.59000015258789,48.02000045776367,48.119998931884766,48.470001220703125,3777600.0,44.80018997192383
2019-05-31,48.0,46.75,47.959999084472656,46.7599983215332,3396900.0,43.21965408325195
2019-06-03,47.959999084472656,46.849998474121094,46.849998474121094,47.959999084472656,5905200.0,44.328800201416016
2019-06-04,49.93000030517578,48.63999938964844,48.68000030517578,49.93000030517578,7043000.0,46.1496467590332
2019-06-05,50.56999969482422,49.04999923706055,50.4900016784668,50.34000015258789,6413300.0,46.528602600097656
2019-06-06,51.310001373291016,50.150001525878906,50.279998779296875,51.060001373291016,6228100.0,47.194087982177734
2019-06-07,51.689998626708984,50.869998931884766,51.130001068115234,51.29999923706055,5391100.0,47.41592025756836
2019-06-10,52.099998474121094,51.58000183105469,51.720001220703125,51.619998931884766,5434400.0,47.71168899536133
2019-06-11,52.16999816894531,51.560001373291016,52.0,52.040000915527344,5144300.0,48.09988784790039
2019-06-12,52.63999938964844,51.68000030517578,52.060001373291016,52.4900016784668,3103900.0,48.51582336425781
2019-06-13,52.95000076293945,52.040000915527344,52.68000030517578,52.880001068115234,4179800.0,48.87629318237305
2019-06-14,52.689998626708984,51.0,52.630001068115234,51.150001525878906,3919300.0,47.277278900146484
2019-06-17,50.33000183105469,49.04999923706055,50.060001373291016,49.349998474121094,5787300.0,45.61355972290039
2019-06-18,50.56999969482422,49.400001525878906,49.75,49.61000061035156,5014200.0,45.85387420654297
2019-06-19,50.2400016784668,48.33000183105469,49.95000076293945,48.5,5404000.0,44.82791519165039
2019-06-20,49.59000015258789,48.619998931884766,49.095001220703125,48.93000030517578,4228300.0,45.22536087036133
2019-06-21,49.27000045776367,48.310001373291016,48.81999969482422,48.36000061035156,9478500.0,44.69851303100586
2019-06-24,49.70000076293945,48.31999969482422,48.5099983215332,49.58000183105469,4602300.0,45.82614517211914
2019-06-25,50.222999572753906,49.04999923706055,49.4900016784668,49.689998626708984,4005200.0,45.92781448364258
2019-06-26,51.220001220703125,49.810001373291016,49.849998474121094,50.45000076293945,5244400.0,46.63027572631836
2019-06-27,51.13999938964844,50.53099822998047,50.61000061035156,50.90999984741211,4097200.0,47.05544662475586
2019-06-28,51.20000076293945,49.08000183105469,51.040000915527344,49.310001373291016,6507400.0,45.57659149169922
2019-07-01,50.20000076293945,49.52000045776367,50.0,50.15999984741211,4659600.0,46.36223220825195
2019-07-02,50.060001373291016,48.7599983215332,50.0,49.400001525878906,4725800.0,45.65977478027344
2019-07-03,49.650001525878906,49.20000076293945,49.459999084472656,49.33000183105469,2479400.0,45.5950813293457
2019-07-05,49.369998931884766,48.959999084472656,49.0099983215332,49.310001373291016,2529800.0,45.57659149169922
2019-07-08,49.5,48.3849983215332,49.34000015258789,48.52000045776367,5936000.0,44.84640121459961
2019-07-09,48.43000030517578,47.5,48.29999923706055,47.869998931884766,4967400.0,44.2456169128418
2019-07-10,48.41999816894531,47.52000045776367,48.34000015258789,47.54999923706055,3507400.0,43.94984436035156
2019-07-11,48.060001373291016,47.18000030517578,47.72999954223633,47.779998779296875,4202000.0,44.16242599487305
2019-07-12,50.040000915527344,48.08000183105469,48.459999084472656,49.709999084472656,4328400.0,45.94630432128906
2019-07-15,50.95000076293945,49.65999984741211,49.77000045776367,50.93000030517578,4923800.0,47.07393264770508
2019-07-16,52.64500045776367,50.95000076293945,50.95000076293945,52.31999969482422,6011200.0,48.35868835449219
2019-07-17,52.29999923706055,51.22999954223633,52.15999984741211,51.599998474121094,4417500.0,47.693206787109375
2019-07-18,52.04999923706055,51.279998779296875,51.54999923706055,51.75,3662600.0,47.83184814453125
2019-07-19,51.83000183105469,51.5,51.77000045776367,51.52000045776367,3221500.0,47.6192626953125
2019-07-22,51.56999969482422,50.599998474121094,51.50400161743164,50.880001068115234,2814900.0,47.02771759033203
2019-07-23,52.900001525878906,50.95000076293945,51.0,52.619998931884766,4387700.0,48.63597869873047
2019-07-24,52.9900016784668,52.040000915527344,52.5,52.790000915527344,3516400.0,48.79310989379883
2019-07-25,51.9900016784668,50.29999923706055,51.63999938964844,50.77000045776367,4254600.0,46.926048278808594
2019-07-26,50.29999923706055,48.91999816894531,50.27000045776367,49.11000061035156,5066000.0,45.3917350769043
2019-07-29,48.880001068115234,47.97999954223633,48.52000045776367,48.04999923706055,4219800.0,44.411991119384766
2019-07-30,48.439998626708984,47.779998779296875,47.779998779296875,48.400001525878906,4194300.0,44.73548889160156
2019-07-31,49.43000030517578,47.95000076293945,48.4900016784668,48.439998626708984,5188500.0,44.772457122802734
2019-08-01,48.599998474121094,46.779998779296875,48.150001525878906,46.849998474121094,5803200.0,43.30284118652344
2019-08-02,47.5,45.369998931884766,46.689998626708984,45.599998474121094,5346400.0,42.14748001098633
2019-08-05,45.130001068115234,44.06999969482422,45.060001373291016,44.77000045776367,5147300.0,41.38032913208008
2019-08-06,45.45000076293945,43.73500061035156,45.11000061035156,44.43000030517578,4702800.0,41.06607437133789
2019-08-07,45.0,43.90999984741211,44.099998474121094,44.88999938964844,4490100.0,41.49123764038086
2019-08-08,46.81999969482422,45.189998626708984,45.196998596191406,46.790000915527344,4573400.0,43.24738311767578
2019-08-09,46.9900016784668,46.099998474121094,46.41999816894531,46.63999938964844,4468000.0,43.108741760253906
2019-08-12,46.79999923706055,45.52000045776367,46.38999938964844,45.689998626708984,4491600.0,42.23066711425781
2019-08-13,47.7599983215332,45.58000183105469,45.779998779296875,46.849998474121094,5407300.0,43.30284118652344
2019-08-14,46.150001525878906,44.0,45.79999923706055,44.08000183105469,6178300.0,40.7425651550293
2019-08-15,44.369998931884766,42.959999084472656,44.34000015258789,43.380001068115234,3494600.0,40.0955696105957
2019-08-16,44.810001373291016,42.77000045776367,43.290000915527344,44.5099983215332,4586000.0,41.14000701904297
2019-08-19,45.862998962402344,45.150001525878906,45.36000061035156,45.599998474121094,3615500.0,42.14748001098633
2019-08-20,45.25,43.06999969482422,45.25,43.15999984741211,5972800.0,39.8922233581543
2019-08-21,44.2400016784668,43.2400016784668,43.849998474121094,43.279998779296875,4397800.0,40.003135681152344
2019-08-22,43.900001525878906,42.02000045776367,43.31999969482422,42.04999923706055,6072100.0,38.86626434326172
2019-08-23,42.02000045776367,40.439998626708984,42.0,40.709999084472656,6696800.0,37.62771987915039
2019-08-26,41.349998474121094,40.61000061035156,41.27000045776367,40.81999969482422,3402400.0,37.72938919067383
2019-08-27,41.72999954223633,40.91899871826172,41.189998626708984,41.16999816894531,4152200.0,38.052894592285156
2019-08-28,42.63999938964844,40.7599983215332,41.150001525878906,42.52000045776367,4539300.0,39.30067825317383
2019-08-29,43.0,42.209999084472656,42.33000183105469,42.369998931884766,3292500.0,39.81754684448242
2019-08-30,43.0,42.27000045776367,42.83000183105469,42.630001068115234,4099200.0,40.0618896484375
2019-09-03,42.22999954223633,41.150001525878906,42.13999938964844,41.79999923706055,3343300.0,39.281883239746094
2019-09-04,42.790000915527344,41.849998474121094,42.59000015258789,42.540000915527344,2651400.0,39.9773063659668
2019-09-05,43.970001220703125,43.09000015258789,43.150001525878906,43.36000061035156,4041400.0,40.74790954589844
2019-09-06,43.65999984741211,42.65999984741211,43.540000915527344,43.2400016784668,3217900.0,40.635135650634766
2019-09-09,44.62699890136719,43.2599983215332,43.529998779296875,44.45000076293945,3848000.0,41.772247314453125
2019-09-10,46.369998931884766,44.779998779296875,45.099998474121094,46.31999969482422,4704000.0,43.52959060668945
2019-09-11,47.04999923706055,45.58000183105469,46.52000045776367,46.880001068115234,4445000.0,44.05585479736328
2019-09-12,47.189998626708984,45.56999969482422,47.06999969482422,46.970001220703125,3649700.0,44.14043426513672
2019-09-13,48.439998626708984,47.25,47.63999938964844,48.20000076293945,4027600.0,45.29633331298828
2019-09-16,49.97999954223633,48.279998779296875,48.689998626708984,49.0099983215332,5040600.0,46.05754089355469
2019-09-17,49.09000015258789,47.61000061035156,48.66999816894531,48.0,3741900.0,45.10838317871094
2019-09-18,47.900001525878906,47.02000045776367,47.900001525878906,47.5099983215332,2588200.0,44.64790344238281
2019-09-19,48.40999984741211,47.4900016784668,48.119998931884766,47.63999938964844,2418300.0,44.77006912231445
2019-09-20,48.849998474121094,47.06999969482422,47.470001220703125,48.209999084472656,10570400.0,45.30573272705078
2019-09-23,48.21500015258789,47.119998931884766,47.38999938964844,47.90999984741211,3599400.0,45.02381134033203
2019-09-24,48.0,45.95000076293945,47.779998779296875,46.599998474121094,4515300.0,43.792720794677734
2019-09-25,47.970001220703125,46.130001068115234,46.54999923706055,47.68000030517578,4396200.0,44.80765914916992
2019-09-26,47.689998626708984,46.933998107910156,47.5099983215332,47.22999954223633,2994200.0,44.38477325439453
2019-09-27,47.880001068115234,47.0099983215332,47.400001525878906,47.06999969482422,3722300.0,44.23440933227539
2019-09-30,47.790000915527344,47.11000061035156,47.2599983215332,47.650001525878906,2512200.0,44.77947235107422
2019-10-01,48.56999969482422,45.900001525878906,47.939998626708984,45.970001220703125,3838400.0,43.20067596435547
2019-10-02,45.16999816894531,44.36000061035156,44.66999816894531,44.93000030517578,4759500.0,42.22332763671875
2019-10-03,45.38999938964844,44.369998931884766,44.849998474121094,45.310001373291016,3422400.0,42.58043670654297
2019-10-04,45.779998779296875,45.0099983215332,45.18000030517578,45.34000015258789,3512300.0,42.6086311340332
2019-10-07,45.77000045776367,44.76499938964844,45.08000183105469,45.16999816894531,2977900.0,42.44886779785156
2019-10-08,45.04999923706055,43.83000183105469,44.75,43.849998474121094,2985900.0,41.20838928222656
2019-10-09,44.540000915527344,44.0,44.38999938964844,44.0099983215332,2844600.0,41.35874557495117
2019-10-10,45.290000915527344,44.02000045776367,44.33000183105469,44.91999816894531,4325000.0,42.21392822265625
2019-10-11,47.720001220703125,45.50299835205078,45.75,47.130001068115234,3675700.0,44.290794372558594
2019-10-14,47.27000045776367,46.2400016784668,46.720001220703125,46.81999969482422,3196500.0,43.99946975708008
2019-10-15,48.099998474121094,46.529998779296875,46.81999969482422,47.20000076293945,3216800.0,44.3565788269043
2019-10-16,47.91999816894531,47.0099983215332,47.4900016784668,47.119998931884766,3626900.0,44.28139877319336
2019-10-17,48.540000915527344,47.13999938964844,47.439998626708984,47.810001373291016,2724400.0,44.929832458496094
2019-10-18,48.191001892089844,47.36000061035156,47.90999984741211,47.959999084472656,2757600.0,45.07079315185547
2019-10-21,48.970001220703125,47.09000015258789,48.59000015258789,47.119998931884766,3967000.0,44.28139877319336
2019-10-22,47.38399887084961,46.02000045776367,47.08000183105469,46.81999969482422,4645400.0,43.99946975708008
2019-10-23,47.5099983215332,46.54999923706055,46.779998779296875,47.22999954223633,4152000.0,44.38477325439453
2019-10-24,49.9900016784668,47.84000015258789,48.650001525878906,49.470001220703125,6098900.0,46.48983383178711
2019-10-25,50.7599983215332,48.900001525878906,49.779998779296875,50.47999954223633,5361100.0,47.43898010253906
2019-10-28,51.439998626708984,50.43000030517578,50.75,51.209999084472656,4504100.0,48.1250114440918
2019-10-29,51.630001068115234,50.369998931884766,50.959999084472656,51.4900016784668,3462100.0,48.38814163208008
2019-10-30,51.470001220703125,50.33000183105469,51.20000076293945,51.029998779296875,3602100.0,47.95585250854492
2019-10-31,51.029998779296875,49.709999084472656,50.880001068115234,50.4900016784668,3744000.0,47.44838333129883
2019-11-01,52.4900016784668,50.900001525878906,50.97999954223633,52.310001373291016,3207100.0,49.15874481201172
2019-11-04,54.40999984741211,52.459999084472656,52.650001525878906,54.16999816894531,5430200.0,50.90669250488281
2019-11-05,55.0,53.650001525878906,54.0099983215332,54.20000076293945,6044500.0,50.93488311767578
2019-11-06,54.7400016784668,53.810001373291016,54.15999984741211,54.279998779296875,3847000.0,51.01006317138672
2019-11-07,55.939998626708984,54.41999816894531,54.939998626708984,55.79999923706055,5974300.0,52.43849182128906
2019-11-08,55.9900016784668,55.02000045776367,55.5,55.9900016784668,4812000.0,52.61705780029297
2019-11-11,56.25,55.220001220703125,55.54999923706055,55.810001373291016,3184900.0,52.447898864746094
2019-11-12,56.11000061035156,54.529998779296875,56.0,55.15999984741211,2742700.0,51.8370475769043
2019-11-13,54.47999954223633,53.459999084472656,54.189998626708984,53.65999984741211,3426000.0,50.42741394042969
2019-11-14,54.13999938964844,53.150001525878906,53.29999923706055,53.95000076293945,2595500.0,50.69994354248047
2019-11-15,55.290000915527344,54.13999938964844,54.27000045776367,54.86000061035156,3865000.0,51.55512619018555
2019-11-18,54.90999984741211,54.119998931884766,54.75,54.31999969482422,3439900.0,51.04765319824219
2019-11-19,54.810001373291016,52.790000915527344,54.810001373291016,53.38999938964844,5208300.0,50.17367935180664
2019-11-20,53.45000076293945,52.099998474121094,53.13999938964844,52.66999816894531,5394100.0,49.4970588684082
2019-11-21,53.91999816894531,52.349998474121094,52.709999084472656,53.880001068115234,4618400.0,50.634159088134766
2019-11-22,54.65999984741211,53.599998474121094,53.97999954223633,54.20000076293945,3115600.0,50.93488311767578
2019-11-25,55.22999954223633,54.36000061035156,54.81999969482422,55.20000076293945,5073700.0,51.8746452331543
2019-11-26,55.75,54.81999969482422,55.25,55.369998931884766,4643800.0,52.03439712524414
2019-11-27,54.900001525878906,53.900001525878906,54.68000030517578,54.279998779296875,3926000.0,51.66320037841797
2019-11-29,54.279998779296875,53.119998931884766,54.0099983215332,53.369998931884766,1887600.0,50.79707336425781
2019-12-02,53.75,52.88999938964844,53.0,53.15999984741211,3349500.0,50.597198486328125
2019-12-03,52.0099983215332,51.04999923706055,51.959999084472656,51.81999969482422,3950100.0,49.32179641723633
2019-12-04,53.4900016784668,52.209999084472656,53.4900016784668,52.279998779296875,3791400.0,49.759620666503906
2019-12-05,52.650001525878906,51.68000030517578,52.529998779296875,52.0,2692600.0,49.49312210083008
2019-12-06,53.75,52.59000015258789,52.59000015258789,53.220001220703125,2818800.0,50.65430450439453
2019-12-09,53.97999954223633,52.9900016784668,53.959999084472656,53.27000045776367,2377200.0,50.70189666748047
2019-12-10,53.38999938964844,52.689998626708984,53.36000061035156,53.130001068115234,2609700.0,50.56864547729492
2019-12-11,54.06999969482422,53.04999923706055,53.5,53.099998474121094,3253300.0,50.54008865356445
2019-12-12,54.58000183105469,52.81999969482422,53.25,54.45000076293945,2882300.0,51.825008392333984
2019-12-13,54.81999969482422,53.25,54.63999938964844,53.279998779296875,3198600.0,50.71141052246094
2019-12-16,54.540000915527344,53.5099983215332,53.61000061035156,54.16999816894531,4040000.0,51.558502197265625
2019-12-17,54.7400016784668,53.93000030517578,54.099998474121094,54.65999984741211,2665300.0,52.02488327026367
2019-12-18,54.689998626708984,53.540000915527344,54.36000061035156,54.25,3659100.0,51.634647369384766
2019-12-19,54.869998931884766,54.060001373291016,54.43000030517578,54.52000045776367,3356000.0,51.891632080078125
2019-12-20,55.25,54.02000045776367,55.04999923706055,54.61000061035156,10476700.0,51.977294921875
2019-12-23,55.04999923706055,54.220001220703125,54.4900016784668,54.93000030517578,2678600.0,52.28186798095703
2019-12-24,55.25,54.650001525878906,55.0,54.900001525878906,926200.0,52.25331497192383
2019-12-26,55.22999954223633,54.52000045776367,54.97999954223633,55.220001220703125,1909600.0,52.557884216308594
2019-12-27,55.54999923706055,54.720001220703125,55.290000915527344,54.83000183105469,1688500.0,52.18668746948242
2019-12-30,55.04999923706055,54.2400016784668,54.86000061035156,54.34000015258789,1943300.0,51.72031021118164
2019-12-31,54.779998779296875,53.93000030517578,54.02000045776367,54.72999954223633,2145700.0,52.09150695800781
2020-01-02,55.540000915527344,53.63999938964844,55.22999954223633,53.75,5145200.0,51.15875244140625
2020-01-03,53.599998474121094,52.40999984741211,53.11000061035156,52.41999816894531,5004300.0,49.89287185668945
2020-01-06,52.880001068115234,52.0,52.31999969482422,52.209999084472656,4293100.0,49.692996978759766
2020-01-07,53.064998626708984,51.9900016784668,52.290000915527344,52.189998626708984,5122800.0,49.67395782470703
2020-01-08,53.16999816894531,51.91999816894531,52.40999984741211,52.72999954223633,3629700.0,50.18792724609375
2020-01-09,53.06999969482422,51.810001373291016,52.75,52.189998626708984,2667800.0,49.67395782470703
2020-01-10,52.869998931884766,51.400001525878906,52.86000061035156,51.5,3277300.0,49.01722717285156
2020-01-13,52.400001525878906,51.470001220703125,51.5,52.349998474121094,2665500.0,49.82624435424805
2020-01-14,52.970001220703125,51.95000076293945,52.189998626708984,52.2400016784668,3689800.0,49.721553802490234
2020-01-15,52.650001525878906,51.70000076293945,52.189998626708984,52.27000045776367,2235400.0,49.75010299682617
2020-01-16,52.869998931884766,52.16999816894531,52.58000183105469,52.47999954223633,3765600.0,49.94997787475586
2020-01-17,53.36000061035156,52.42499923706055,52.529998779296875,53.34000015258789,3897500.0,50.76852035522461
2020-01-21,53.150001525878906,52.20000076293945,52.97999954223633,52.599998474121094,4156000.0,50.06419372558594
2020-01-22,52.79999923706055,50.68199920654297,52.72999954223633,50.869998931884766,5149600.0,48.41759490966797
2020-01-23,50.75,49.150001525878906,50.220001220703125,50.25,5797600.0,47.827484130859375
2020-01-24,50.27000045776367,48.040000915527344,49.880001068115234,48.4900016784668,5919300.0,46.15233612060547
2020-01-27,47.58000183105469,46.63999938964844,47.310001373291016,47.18000030517578,4827000.0,44.90549087524414
2020-01-28,47.720001220703125,47.02000045776367,47.400001525878906,47.15999984741211,5813800.0,44.886451721191406
2020-01-29,49.95000076293945,48.599998474121094,48.97999954223633,49.66999816894531,6828000.0,47.275447845458984
2020-01-30,48.97999954223633,47.65999984741211,48.310001373291016,48.470001220703125,5644800.0,46.13330078125
2020-01-31,47.8650016784668,45.91999816894531,47.70000076293945,46.06999969482422,7532200.0,43.8489990234375
2020-02-03,46.970001220703125,45.72999954223633,46.310001373291016,46.7400016784668,6366300.0,44.486698150634766
2020-02-04,48.380001068115234,47.439998626708984,47.650001525878906,48.04999923706055,5287000.0,45.73354721069336
2020-02-05,49.7400016784668,48.52000045776367,48.880001068115234,49.61000061035156,5403200.0,47.21834182739258
2020-02-06,49.65999984741211,48.560001373291016,49.61000061035156,49.20000076293945,5985200.0,46.82810592651367
2020-02-07,48.540000915527344,47.45000076293945,48.540000915527344,48.029998779296875,3802100.0,45.714508056640625
2020-02-10,48.720001220703125,47.79999923706055,47.79999923706055,48.189998626708984,2488300.0,45.86679458618164
2020-02-11,50.0099983215332,48.5,48.540000915527344,48.790000915527344,3705400.0,46.437870025634766
2020-02-12,50.369998931884766,48.9900016784668,49.689998626708984,49.380001068115234,2964200.0,46.99943161010742
2020-02-13,48.9900016784668,48.02000045776367,48.900001525878906,48.29999923706055,3302600.0,45.97149658203125
2020-02-14,48.939998626708984,48.380001068115234,48.5099983215332,48.630001068115234,3207000.0,46.285587310791016
2020-02-18,48.52000045776367,47.229000091552734,48.189998626708984,47.7400016784668,3594300.0,45.43849182128906
2020-02-19,48.290000915527344,47.40999984741211,47.81999969482422,47.560001373291016,5644900.0,45.26716995239258
2020-02-20,48.810001373291016,47.439998626708984,47.52000045776367,48.7599983215332,4154200.0,46.40931701660156
2020-02-21,48.77000045776367,48.08000183105469,48.58000183105469,48.29999923706055,3972800.0,45.97149658203125
2020-02-24,47.040000915527344,45.79999923706055,46.61000061035156,46.2400016784668,5075900.0,44.010807037353516
2020-02-25,46.53499984741211,43.58000183105469,46.5,43.95000076293945,5529300.0,41.83120346069336
2020-02-26,44.880001068115234,43.02000045776367,44.45000076293945,43.04999923706055,6470700.0,40.97459411621094
2020-02-27,41.459999084472656,39.5,41.33000183105469,39.54999923706055,10009300.0,38.26552963256836
2020-02-28,40.4900016784668,38.04999923706055,38.119998931884766,40.40999984741211,10281600.0,39.097599029541016
2020-03-02,41.41999816894531,39.779998779296875,41.04999923706055,41.41999816894531,7706700.0,40.074790954589844
2020-03-03,42.74399948120117,39.7400016784668,41.349998474121094,40.560001373291016,6765300.0,39.24272537231445
2020-03-04,41.970001220703125,40.209999084472656,41.45000076293945,41.90999984741211,4967000.0,40.54888153076172
2020-03-05,40.630001068115234,39.65999984741211,40.029998779296875,40.099998474121094,5447400.0,38.797664642333984
2020-03-06,39.689998626708984,38.310001373291016,38.720001220703125,38.970001220703125,6928400.0,37.70436477661133
2020-03-09,34.939998626708984,30.43000030517578,34.75,30.530000686645508,15081500.0,29.538471221923828
2020-03-10,33.33000183105469,29.315000534057617,32.5099983215332,31.399999618530273,12975400.0,30.380216598510742
2020-03-11,30.329999923706055,27.850000381469727,30.190000534057617,27.989999771118164,12444100.0,27.080963134765625
2020-03-12,26.389999389648438,22.389999389648438,25.450000762939453,23.670000076293945,18163300.0,22.901264190673828
2020-03-13,28.010000228881836,22.579999923706055,27.93000030517578,25.690000534057617,17350800.0,24.855661392211914
2020-03-16,25.43000030517578,21.950000762939453,23.100000381469727,22.0,12345400.0,21.28550148010254
2020-03-17,27.600000381469727,22.739999771118164,25.670000076293945,26.600000381469727,19873300.0,25.736106872558594
2020-03-18,28.290000915527344,24.510000228881836,24.84000015258789,26.440000534057617,16955900.0,25.5813045501709
2020-03-19,31.350000381469727,25.93000030517578,26.280000686645508,28.1200008392334,13893400.0,27.206743240356445
2020-03-20,29.690000534057617,26.59000015258789,28.59000015258789,27.440000534057617,12649100.0,26.548826217651367
2020-03-23,28.43000030517578,26.010000228881836,27.139999389648438,26.579999923706055,11703100.0,25.71675682067871
2020-03-24,29.959999084472656,26.899999618530273,28.65999984741211,28.469999313354492,12333600.0,27.545373916625977
2020-03-25,32.42499923706055,28.600000381469727,29.18000030517578,30.3799991607666,10539200.0,29.393342971801758
2020-03-26,31.299999237060547,28.950000762939453,30.280000686645508,29.68000030517578,14298600.0,28.71607780456543
2020-03-27,29.261999130249023,26.920000076293945,28.0,28.559999465942383,9101400.0,27.6324520111084
2020-03-30,29.389999389648438,27.809999465942383,28.309999465942383,28.649999618530273,6817000.0,27.719528198242188
2020-03-31,30.079999923706055,28.450000762939453,28.549999237060547,29.239999771118164,7599900.0,28.290369033813477
2020-04-01,28.270000457763672,26.940000534057617,27.84000015258789,27.040000915527344,10339900.0,26.16181755065918
2020-04-02,29.84000015258789,26.924999237060547,27.110000610351562,28.030000686645508,10680300.0,27.119665145874023
2020-04-03,28.56999969482422,27.420000076293945,27.780000686645508,27.969999313354492,8005100.0,27.061613082885742
2020-04-06,30.979999542236328,29.5,29.530000686645508,30.540000915527344,8021100.0,29.548147201538086
2020-04-07,35.06999969482422,31.809999465942383,32.7599983215332,32.33000183105469,15028000.0,31.28001594543457
2020-04-08,34.939998626708984,32.36000061035156,32.970001220703125,34.790000915527344,7220700.0,33.66012191772461
2020-04-09,37.7400016784668,35.540000915527344,35.75,36.560001373291016,9892300.0,35.37263488769531
2020-04-13,36.900001525878906,34.56999969482422,36.470001220703125,35.22999954223633,7170600.0,34.0858268737793
2020-04-14,37.13999938964844,35.09000015258789,36.369998931884766,35.369998931884766,7348800.0,34.22127914428711
2020-04-15,33.849998474121094,31.8700008392334,33.849998474121094,32.22999954223633,7586700.0,31.183259963989258
2020-04-16,32.689998626708984,30.649999618530273,32.689998626708984,31.6299991607666,6918500.0,30.602746963500977
2020-04-17,34.060001373291016,32.599998474121094,33.040000915527344,33.41999816894531,6544100.0,32.33460998535156
2020-04-20,32.83000183105469,31.5,32.18000030517578,31.530000686645508,7140700.0,30.505996704101562
2020-04-21,31.15999984741211,29.6200008392334,30.399999618530273,30.8799991607666,7315100.0,29.877103805541992
2020-04-22,32.025001525878906,30.8799991607666,31.799999237060547,31.84000015258789,5338100.0,30.805927276611328
2020-04-23,33.33000183105469,32.0099983215332,32.099998474121094,32.560001373291016,7724700.0,31.502544403076172
2020-04-24,33.349998474121094,32.2400016784668,33.040000915527344,33.119998931884766,4979100.0,32.04435729980469
2020-04-27,34.744998931884766,32.810001373291016,33.310001373291016,34.439998626708984,4885900.0,33.32148361206055
2020-04-28,36.189998626708984,34.709999084472656,35.47999954223633,35.869998931884766,5868600.0,34.70504379272461
2020-04-29,38.09000015258789,36.900001525878906,37.0,37.470001220703125,6887300.0,36.253082275390625
2020-04-30,37.349998474121094,36.04999923706055,37.27000045776367,36.689998626708984,10990200.0,35.498409271240234
2020-05-01,35.09000015258789,33.540000915527344,34.72999954223633,33.93000030517578,8709300.0,32.82804870605469
2020-05-04,33.13999938964844,31.760000228881836,32.099998474121094,33.060001373291016,6248300.0,31.986305236816406
2020-05-05,34.54999923706055,33.22999954223633,33.630001068115234,33.369998931884766,5041600.0,32.28623580932617
2020-05-06,33.375,31.8799991607666,32.709999084472656,31.959999084472656,4601500.0,30.922029495239258
2020-05-07,33.79999923706055,32.5099983215332,32.529998779296875,32.849998474121094,5056200.0,31.783123016357422
2020-05-08,34.369998931884766,33.369998931884766,33.779998779296875,34.33000183105469,4175700.0,33.21506118774414
2020-05-11,34.2400016784668,33.08000183105469,34.20000076293945,33.900001525878906,4321000.0,32.79902267456055
2020-05-12,35.40999984741211,33.75,34.25,33.790000915527344,5675400.0,32.692596435546875
2020-05-13,33.5629997253418,31.790000915527344,33.5,32.349998474121094,5865200.0,31.299362182617188
2020-05-14,33.54999923706055,30.899999618530273,31.190000534057617,33.5099983215332,6187900.0,32.42169189453125
2020-05-15,33.97999954223633,32.83000183105469,33.209999084472656,33.560001373291016,4829200.0,32.47006607055664
2020-05-18,38.0099983215332,35.709999084472656,35.880001068115234,36.7400016784668,8546600.0,35.546791076660156
2020-05-19,36.68000030517578,35.58000183105469,36.630001068115234,35.63999938964844,4415500.0,34.482513427734375
2020-05-20,37.0,35.7599983215332,36.34000015258789,36.18000030517578,5656200.0,35.00497817993164
2020-05-21,36.7599983215332,35.65999984741211,36.0,35.81999969482422,3941800.0,34.65666580200195
2020-05-22,36.18000030517578,35.369998931884766,35.68000030517578,36.119998931884766,3040600.0,34.946922302246094
2020-05-26,38.95000076293945,37.91999816894531,38.36000061035156,38.790000915527344,6188600.0,37.53021240234375
2020-05-27,40.665000915527344,39.029998779296875,39.95000076293945,39.81999969482422,6895200.0,38.526756286621094
2020-05-28,39.689998626708984,38.349998474121094,39.56999969482422,38.709999084472656,5266800.0,38.12297439575195
2020-05-29,38.9900016784668,37.720001220703125,38.13999938964844,38.599998474121094,5254700.0,38.01464080810547
2020-06-01,39.0099983215332,38.18000030517578,38.61000061035156,38.61000061035156,3014400.0,38.02449417114258
2020-06-02,41.22999954223633,39.09000015258789,39.20000076293945,40.599998474121094,6083400.0,39.98431396484375
2020-06-03,42.29999923706055,41.459999084472656,41.4900016784668,41.630001068115234,5160600.0,40.998695373535156
2020-06-04,42.7599983215332,41.31999969482422,41.5,42.709999084472656,3901500.0,42.06231689453125
2020-06-05,45.72999954223633,43.83700180053711,44.709999084472656,43.970001220703125,7656600.0,43.3032112121582
2020-06-08,45.93000030517578,44.08000183105469,44.08000183105469,45.900001525878906,5727300.0,45.203941345214844
2020-06-09,44.81999969482422,43.91899871826172,44.470001220703125,44.40999984741211,5535400.0,43.73653793334961
2020-06-10,44.5,43.400001525878906,44.38999938964844,43.58000183105469,4267700.0,42.919124603271484
2020-06-11,42.040000915527344,38.95000076293945,41.224998474121094,39.2599983215332,9225100.0,38.664634704589844
2020-06-12,41.915000915527344,39.98500061035156,41.81999969482422,41.22999954223633,5033800.0,40.604759216308594
2020-06-15,42.45000076293945,39.290000915527344,39.47999954223633,41.97999954223633,5665300.0,41.343387603759766
2020-06-16,44.5,41.439998626708984,44.15999984741211,42.25,5592400.0,41.609291076660156
2020-06-17,42.79600143432617,41.029998779296875,42.70000076293945,41.16999816894531,3523600.0,40.54566955566406
2020-06-18,41.9900016784668,40.380001068115234,40.650001525878906,41.58000183105469,4106800.0,40.94945526123047
2020-06-19,43.0,41.470001220703125,42.630001068115234,41.650001525878906,7494400.0,41.018394470214844
2020-06-22,42.130001068115234,40.66999816894531,41.459999084472656,41.7400016784668,3316000.0,41.10702896118164
2020-06-23,42.47999954223633,41.33000183105469,42.47999954223633,41.349998474121094,3603900.0,40.722938537597656
2020-06-24,40.720001220703125,38.31999969482422,40.599998474121094,38.45000076293945,7707200.0,37.866920471191406
2020-06-25,40.029998779296875,37.68000030517578,38.0,39.97999954223633,5986900.0,39.373714447021484
2020-06-26,40.0,38.72999954223633,39.560001373291016,39.79999923706055,8333800.0,39.19644546508789
2020-06-29,41.19499969482422,40.189998626708984,40.36000061035156,40.97999954223633,7756700.0,40.358551025390625
2020-06-30,40.95000076293945,39.7599983215332,40.59000015258789,40.7599983215332,4835300.0,40.14188766479492
2020-07-01,41.29999923706055,40.33000183105469,40.75,40.75,4023600.0,40.13203811645508
2020-07-02,42.25,40.90999984741211,41.65999984741211,41.59000015258789,4017500.0,40.95930099487305
2020-07-06,42.779998779296875,41.560001373291016,42.630001068115234,42.45000076293945,4679000.0,41.80625915527344
2020-07-07,42.06999969482422,41.16999816894531,41.7400016784668,41.689998626708984,4535900.0,41.05778503417969
2020-07-08,41.779998779296875,39.6349983215332,41.4900016784668,40.349998474121094,4824200.0,39.73810577392578
2020-07-09,40.52000045776367,39.16999816894531,40.38999938964844,39.439998626708984,3671900.0,38.84190368652344
2020-07-10,40.81999969482422,39.42300033569336,39.439998626708984,40.7599983215332,3007800.0,40.14188766479492
2020-07-13,41.84000015258789,40.5,41.099998474121094,41.2400016784668,3089000.0,40.61460876464844
2020-07-14,42.68000030517578,41.2400016784668,41.31999969482422,42.439998626708984,4350800.0,41.796409606933594
2020-07-15,44.099998474121094,42.55500030517578,43.650001525878906,43.33000183105469,3788300.0,42.672916412353516
2020-07-16,44.26499938964844,42.84000015258789,43.189998626708984,43.83000183105469,4259800.0,43.16533279418945
2020-07-17,44.150001525878906,42.959999084472656,44.06999969482422,43.66999816894531,4610600.0,43.007755279541016
2020-07-20,43.67499923706055,42.119998931884766,43.34000015258789,42.29999923706055,3580900.0,41.65853500366211
2020-07-21,43.43000030517578,42.45000076293945,42.5,43.040000915527344,3399600.0,42.38731384277344
2020-07-22,44.5,42.8849983215332,42.939998626708984,44.34000015258789,5792500.0,43.667598724365234
2020-07-23,43.20000076293945,41.880001068115234,43.0,42.81999969482422,6574300.0,42.17064666748047
2020-07-24,43.47999954223633,42.29999923706055,42.81999969482422,42.61000061035156,2999600.0,41.96383285522461
2020-07-27,44.47999954223633,42.43000030517578,42.810001373291016,44.0,4733600.0,43.33275604248047
2020-07-28,44.02000045776367,42.59000015258789,43.7400016784668,42.619998931884766,3395400.0,41.97368240356445
2020-07-29,43.63600158691406,42.7400016784668,42.79999923706055,43.52000045776367,3186900.0,42.86003494262695
2020-07-30,42.83000183105469,41.34000015258789,42.65999984741211,41.72999954223633,4118700.0,41.0971794128418
2020-07-31,41.91999816894531,40.59000015258789,41.4900016784668,41.060001373291016,7463200.0,40.437339782714844
2020-08-03,41.2400016784668,40.08000183105469,41.220001220703125,40.09000015258789,5079900.0,39.48204803466797
2020-08-04,41.8650016784668,39.900001525878906,40.040000915527344,41.31999969482422,5408800.0,40.69339370727539
2020-08-05,42.47999954223633,41.75,41.900001525878906,41.9900016784668,3628800.0,41.35323715209961
2020-08-06,42.31700134277344,41.055999755859375,41.689998626708984,42.04999923706055,3724900.0,41.412322998046875
2020-08-07,42.665000915527344,41.444000244140625,41.58000183105469,42.630001068115234,2913100.0,41.9835319519043
2020-08-10,44.88999938964844,42.810001373291016,42.810001373291016,44.79999923706055,4245900.0,44.12062072753906
2020-08-11,46.06999969482422,44.34000015258789,45.540000915527344,44.5,4373800.0,43.825172424316406
2020-08-12,45.380001068115234,43.93000030517578,45.220001220703125,44.279998779296875,2577300.0,43.60850524902344
2020-08-13,44.869998931884766,43.709999084472656,43.86000061035156,44.43000030517578,2767100.0,43.75623321533203
2020-08-14,45.13999938964844,43.83000183105469,43.95000076293945,44.869998931884766,1998300.0,44.18955993652344
2020-08-17,45.439998626708984,44.209999084472656,45.099998474121094,44.459999084472656,3257300.0,43.7857780456543
2020-08-18,45.029998779296875,44.310001373291016,44.40999984741211,44.709999084472656,2447100.0,44.031986236572266
2020-08-19,45.099998474121094,44.25,44.689998626708984,44.63999938964844,3453400.0,43.96304702758789
2020-08-20,44.13999938964844,43.529998779296875,44.02000045776367,43.689998626708984,3324000.0,43.0274543762207
2020-08-21,43.869998931884766,43.25,43.5,43.59000015258789,2511600.0,42.92897033691406
2020-08-24,46.150001525878906,44.02000045776367,44.29999923706055,46.119998931884766,4609000.0,45.42060470581055
2020-08-25,46.65999984741211,45.472999572753906,46.40999984741211,45.59000015258789,4188000.0,44.898643493652344
2020-08-26,46.65999984741211,45.279998779296875,45.68000030517578,46.34000015258789,3928500.0,45.63726806640625
2020-08-27,46.95000076293945,45.810001373291016,46.68000030517578,46.15999984741211,3702300.0,45.459999084472656
2020-08-28,46.209999084472656,44.970001220703125,45.40999984741211,46.04999923706055,3772900.0,46.04999923706055
2020-08-31,46.11000061035156,45.09000015258789,45.9900016784668,45.119998931884766,3916800.0,45.119998931884766
2020-09-01,47.279998779296875,44.470001220703125,44.790000915527344,47.27000045776367,5428300.0,47.27000045776367
2020-09-02,49.279998779296875,47.41999816894531,47.68000030517578,49.220001220703125,7305900.0,49.220001220703125
2020-09-03,49.79999923706055,47.91999816894531,49.279998779296875,48.38999938964844,6726900.0,48.38999938964844
2020-09-04,49.70000076293945,48.08000183105469,49.290000915527344,48.599998474121094,5325900.0,48.599998474121094
2020-09-08,48.415000915527344,47.435001373291016,47.689998626708984,47.93000030517578,4280800.0,47.93000030517578
2020-09-09,49.880001068115234,48.5,48.56999969482422,49.22999954223633,4168100.0,49.22999954223633
2020-09-10,49.75,48.65999984741211,49.29999923706055,48.70000076293945,4211300.0,48.70000076293945
2020-09-11,50.41999816894531,49.040000915527344,49.209999084472656,49.849998474121094,6225700.0,49.849998474121094
2020-09-14,50.5099983215332,49.69499969482422,50.06999969482422,50.09000015258789,5298900.0,50.09000015258789
2020-09-15,51.560001373291016,50.38999938964844,50.61000061035156,51.06999969482422,4771700.0,51.06999969482422
2020-09-16,51.099998474121094,49.43000030517578,50.189998626708984,49.70000076293945,5863500.0,49.70000076293945
2020-09-17,51.25,48.849998474121094,49.369998931884766,50.970001220703125,5253700.0,50.970001220703125
2020-09-18,51.22999954223633,50.25,50.529998779296875,50.369998931884766,6271100.0,50.369998931884766
2020-09-21,49.33000183105469,47.18000030517578,49.040000915527344,47.90999984741211,6468800.0,47.90999984741211
2020-09-22,48.154998779296875,47.20000076293945,47.97999954223633,47.79999923706055,4181900.0,47.79999923706055
2020-09-23,48.119998931884766,46.470001220703125,47.68000030517578,46.7400016784668,4018000.0,46.7400016784668
2020-09-24,46.9900016784668,45.689998626708984,46.66999816894531,46.40999984741211,4648700.0,46.40999984741211
2020-09-25,46.400001525878906,45.630001068115234,45.77000045776367,46.040000915527344,4090200.0,46.040000915527344
2020-09-28,48.279998779296875,46.5,46.5,47.47999954223633,3993100.0,47.47999954223633
2020-09-29,47.779998779296875,46.2599983215332,47.22999954223633,46.56999969482422,2716800.0,46.56999969482422
2020-09-30,48.119998931884766,46.61000061035156,47.189998626708984,47.04999923706055,4663200.0,47.04999923706055
2020-10-01,47.5,45.93000030517578,47.209999084472656,46.11000061035156,3407600.0,46.11000061035156
2020-10-02,47.470001220703125,45.130001068115234,45.369998931884766,47.310001373291016,4559000.0,47.310001373291016
2020-10-05,48.882999420166016,47.70000076293945,47.900001525878906,48.58000183105469,3913400.0,48.58000183105469
2020-10-06,49.790000915527344,47.86000061035156,49.119998931884766,47.880001068115234,4474700.0,47.880001068115234
2020-10-07,49.060001373291016,48.0,48.45000076293945,48.29999923706055,4506400.0,48.29999923706055
2020-10-08,49.40999984741211,48.47600173950195,48.619998931884766,49.380001068115234,2962000.0,49.380001068115234
2020-10-09,50.09000015258789,48.70000076293945,49.79999923706055,49.36000061035156,4472800.0,49.36000061035156
2020-10-12,49.5,48.262001037597656,49.400001525878906,48.58000183105469,3005700.0,48.58000183105469
2020-10-13,48.97999954223633,47.79999923706055,48.47999954223633,47.880001068115234,6832200.0,47.880001068115234
2020-10-14,48.970001220703125,47.41999816894531,47.84000015258789,48.83000183105469,5323900.0,48.83000183105469
2020-10-15,49.07500076293945,47.84000015258789,47.880001068115234,49.0099983215332,2793200.0,49.0099983215332
2020-10-16,49.994998931884766,49.130001068115234,49.369998931884766,49.29999923706055,2754300.0,49.29999923706055
2020-10-19,50.33000183105469,48.7400016784668,49.33000183105469,48.84000015258789,2903500.0,48.84000015258789
2020-10-20,50.150001525878906,49.209999084472656,49.349998474121094,49.34000015258789,2503600.0,49.34000015258789
2020-10-21,49.71500015258789,48.54999923706055,49.380001068115234,48.54999923706055,4092500.0,48.54999923706055
2020-10-22,50.15999984741211,47.150001525878906,49.810001373291016,48.81999969482422,5244000.0,48.81999969482422
